ID,Parent,Space,Plans Tag,Subject,Manufacture,Model,Dimensions,Comments,Layer,Length,Color
VTOYSCBBHINOXIII,,,,FEC,,,,,,0,#000000
TWPBNAOZMIZUTKDS,,,,FEC,,,,,,0,#000000
JSXXBDJCYTZOZAPX,,,,FEC,,,,,,0,#000000
GJZKYPBAZYDPNLOX,,,,FEC,,,,,,0,#000000
DMLOBFOWTHDZYEBG,,,,FEC,,,,,,0,#000000
MJDCKDASPQTKHEYH,,,,FEC,,,,,,0,#000000
JJLMSTWPCEDQKPNP,,,,FEC,,,,,,0,#000000
CCTZDEEIEJBIOSIF,,,,FEC,,,,,,0,#000000
HTAQKIRJCMHQABJL,,,,FEC,,,,,,0,#000000
NKTAGZYEKBWBMIUM,,,,FEC,,,,,,0,#000000
ZIJZLRFYZXLRWGCX,,,,FEC,,,,,,0,#000000
XXFDSRRVOYKJXNSF,,,,FEC,,,,,,0,#000000
QSUBINRGNUEASWUK,,,,FEC,,,,Class K,,0,#000000
KXHSQMKKHOERIBDB,,,,AED,,,,,,0,#000000
UZRSUNKRPEJJXDYK,,,,FIRST AID KIT,,,,,,0,#000000
XTICRSIHFMZPBRGL,,,,FEC,,,,,,0,#000000
QFSAMTCBUTMURBKZ,,,,AED,,,,,,0,#000000
URBPUHHZOBFOKMFW,,,,FIRST AID KIT,,,,,,0,#000000
VZKDVRCKXHOCXGKQ,,,,FEC,,,,,,0,#000000
QCNBAEQJYDYSCRLW,,,,A5/IA2.74.1,,,,,,0,#FF0000
RSZCDHKRXUONUVHV,,,,A4/IA2.75.1,,,,,,0,#0080FF
RBXHVXHUZJSPADEN,,,,A5/IA2.81.1,,,,,,0,#FF0000
HRMWUMITLXCASZYC,,A5/IA2.74.1,,URINAL SCREEN,,,,,,0,#000000
YKMEYBWCANNYSUOM,,A5/IA2.74.1,,MIRROR - 52 in x 136 in,,,,,TA,0,#8000FF
ZCDNZAFGTZLTMHWD,,A5/IA2.74.1,,MIRROR - 28 in x 46 in,,,,,TA,0,#8000FF
ZYDVKBLTIOZKLAIK,,A5/IA2.74.1,,MIRROR - 28 in x 46 in,,,,,TA,0,#8000FF
SVMKWSIZSSLLJAFV,,A5/IA2.74.1,,MIRROR - 28 in x 46 in,,,,,TA,0,#8000FF
SPFOALKGFZBEBVHH,,A5/IA2.74.1,,MIRROR - 28 in x 46 in,,,,,TA,0,#8000FF
IGQAVDBEKHDAXVBA,,A5/IA2.74.1,,MIRROR - 28 in x 46 in,,,,,TA,0,#8000FF
KEQKDWDQEOITGZDL,,A5/IA2.74.1,,MIRROR - 28 in x 46 in,,,,,TA,0,#8000FF
YEZMQYROIAYXFCVL,,A4/IA2.75.1,,MIRROR - 28 in x 46 in,,,,,TA,0,#8000FF
MHDWVTACUXMDUPFK,,A4/IA2.75.1,,MIRROR - 28 in x 46 in,,,,,TA,0,#8000FF
LNDHKUWZIXJKEGWD,,A4/IA2.75.1,,MIRROR - 28 in x 46 in,,,,,TA,0,#8000FF
QOEOHMQKBPILBMVD,,A4/IA2.75.1,,MIRROR - 28 in x 46 in,,,,,TA,0,#8000FF
JBZKLQCTFTJYTVQG,,A4/IA2.75.1,,MIRROR - 28 in x 46 in,,,,,TA,0,#8000FF
UQGREGBYJGICNONU,,A4/IA2.75.1,,MIRROR - 28 in x 46 in,,,,,TA,0,#8000FF
POKEPRIQPSYXXZJG,,A4/IA2.75.1,,MIRROR - 51 in x 95 in,,,,,TA,0,#8000FF
JMGUURHVRZTYUKHR,,A5/IA2.81.1,,URINAL SCREEN,,,,,,0,#000000
WSQXOCVIAVPVUMIW,,A5/IA2.81.1,,URINAL SCREEN,,,,,,0,#000000
LIQEGSAMSSTRGDMC,,,CG-1,CORNER GUARD,IPC/Inpro,Clear Corner Guard,,,,0,#000000
GLSOQVRFLSVXKGGB,,,CG-1,CORNER GUARD,IPC/Inpro,Clear Corner Guard,,,,0,#000000
WVOBTEMHJYDKNCLK,,,CG-1,CORNER GUARD,IPC/Inpro,Clear Corner Guard,,,,0,#000000
ISNOKCVUWTTNYNNU,,,CG-1,CORNER GUARD,IPC/Inpro,Clear Corner Guard,,,,0,#000000
WPRSNLOCUYUUOJRE,,,CG-1,CORNER GUARD,IPC/Inpro,Clear Corner Guard,,,,0,#000000
HSVKAEAZWCMSPZEU,,,CG-1,CORNER GUARD,IPC/Inpro,Clear Corner Guard,,,,0,#000000
YPQRQUWUQQOICLLV,,,CG-1,CORNER GUARD,IPC/Inpro,Clear Corner Guard,,,,0,#000000
MRKGDDOLCJIDXZVJ,,,CG-1,CORNER GUARD,IPC/Inpro,Clear Corner Guard,,,,0,#000000
MCTIFCQRXCMQTXYG,,,CG-1,CORNER GUARD,IPC/Inpro,Clear Corner Guard,,,,0,#000000
NDSXHLPUUSFEWOUD,,,CG-1,CORNER GUARD,IPC/Inpro,Clear Corner Guard,,,,0,#000000
ORSIHBSRNPBVUEKY,,,CG-1,CORNER GUARD,IPC/Inpro,Clear Corner Guard,,,,0,#000000
ULWGGUEJAQWOTKOR,,,CG-1,CORNER GUARD,IPC/Inpro,Clear Corner Guard,,,,0,#000000
WNVAVNBTQJHZESZN,,,CG-1,CORNER GUARD,IPC/Inpro,Clear Corner Guard,,,,0,#000000
GVKALBTCYEQMMDZU,,,CG-1,CORNER GUARD,IPC/Inpro,Clear Corner Guard,,,,0,#000000
JDSBWZAQCBZQDTLF,,,CG-1,CORNER GUARD,IPC/Inpro,Clear Corner Guard,,,,0,#000000
UPVUOQWEEICUHRRF,,,CG-1,CORNER GUARD,IPC/Inpro,Clear Corner Guard,,,,0,#000000
LLBVUJISBJYSXYWC,,,CG-1,CORNER GUARD,IPC/Inpro,Clear Corner Guard,,,,0,#000000
WQRBOXELCTXDDSMM,,,CG-1,CORNER GUARD,IPC/Inpro,Clear Corner Guard,,,,0,#000000
WEUYVSBPYFBVRDRY,,,CG-1,CORNER GUARD,IPC/Inpro,Clear Corner Guard,,,,0,#000000
UYOXMIZNLHMVFDGI,,,CG-1,CORNER GUARD,IPC/Inpro,Clear Corner Guard,,,,0,#000000
PFDOZYVTVKAGWJGB,,,CG-1,CORNER GUARD,IPC/Inpro,Clear Corner Guard,,,,0,#000000
WOBVCIGBDUPFYYNH,,,CG-1,CORNER GUARD,IPC/Inpro,Clear Corner Guard,,,,0,#000000
LRVHVPCQIYCVPXCW,,,CG-1,CORNER GUARD,IPC/Inpro,Clear Corner Guard,,,,0,#000000
YBSFRSLTNHKXRMHV,,,CG-1,CORNER GUARD,IPC/Inpro,Clear Corner Guard,,,,0,#000000
RJYOUSTLEUJDPUQX,,,CG-1,CORNER GUARD,IPC/Inpro,Clear Corner Guard,,,,0,#000000
PGRACQVCEXLGCWRV,,,CG-1,CORNER GUARD,IPC/Inpro,Clear Corner Guard,,,,0,#000000
XVJZBUAMKLDBPQDS,,,CG-1,CORNER GUARD,IPC/Inpro,Clear Corner Guard,,,,0,#000000
BQEPDCGFTHMOJPOL,,,CG-1,CORNER GUARD,IPC/Inpro,Clear Corner Guard,,,,0,#000000
ZURPFEWEQVOSJIOV,,,CG-1,CORNER GUARD,IPC/Inpro,Clear Corner Guard,,,,0,#000000
IUFHPKSOFLRVSBVK,,,CG-1,CORNER GUARD,IPC/Inpro,Clear Corner Guard,,,,0,#000000
GTROBTCRSFRAWYUT,,,CG-1,CORNER GUARD,IPC/Inpro,Clear Corner Guard,,,,0,#000000
CWBPSEJJYLLQMPPM,,,CG-1,CORNER GUARD,IPC/Inpro,Clear Corner Guard,,,,0,#000000
DFRDBZXHNLBJDAFH,,,CG-1,CORNER GUARD,IPC/Inpro,Clear Corner Guard,,,,0,#000000
NLVJISLVLVGHULQF,,,CG-1,CORNER GUARD,IPC/Inpro,Clear Corner Guard,,,,0,#000000
EGSEFZDKQCSRWBMQ,,,CG-1,CORNER GUARD,IPC/Inpro,Clear Corner Guard,,,,0,#000000
RURIBLVJPPQVKAPJ,,,CG-1,CORNER GUARD,IPC/Inpro,Clear Corner Guard,,,,0,#000000
AVZSAJQGPSEPAJOL,,,CG-1,CORNER GUARD,IPC/Inpro,Clear Corner Guard,,,,0,#000000
CPFWGBTENQVPACBA,,,CG-1,CORNER GUARD,IPC/Inpro,Clear Corner Guard,,,,0,#000000
UPCIZDUAHEKFRQZP,,,CG-1,CORNER GUARD,IPC/Inpro,Clear Corner Guard,,,,0,#000000
YKHQVSPAKSNNQTRR,,,CG-1,CORNER GUARD,IPC/Inpro,Clear Corner Guard,,,,0,#000000
RJXYWOKXRWSMIHTI,,,CG-1.1,END OF WALL CORNER GUARD,,,,,,0,#000000
ZHBDDDZAVKPCNKFZ,,,CG-1.1,END OF WALL CORNER GUARD,,,,,,0,#000000
RTFKWUCCAJJCJENL,,,CG-1.1,END OF WALL CORNER GUARD,,,,,,0,#000000
PAUHCRKKYFJYHOOG,,,CG-1.1,END OF WALL CORNER GUARD,,,,,,0,#000000
HZKHCNSFUFRDOYUY,,,CG-1.1,END OF WALL CORNER GUARD,,,,,,0,#000000
XICRCAPJSMZVNUFQ,,,CG-1.1,END OF WALL CORNER GUARD,,,,,,0,#000000
ZPCIYJVIBAQPUHGM,,,CG-1.1,END OF WALL CORNER GUARD,,,,,,0,#000000
JWLWMPMOTTJJIKOP,,,DRP-1,CURTAIN TRACK,Knoll Textiles,,,,,0,#804000
QUZCOFBTEVRHTTVL,,,DRP-1,CURTAIN TRACK,Knoll Textiles,,,,,0,#804000
XEAJMDRPUJLOHHDF,,,DRP-2,CURTAIN TRACK,Secura Track System,,,Drapery: Cascade Architecture ,,0,#804000
OUTAILNMZTBCRLYJ,,A5/IA2.74.1,TA-1.1,TOILET PAPER HOLDER,BOBRICK,,,,TA,0,#80FF00
ZQCDMBEKQSPFURLY,,A5/IA2.74.1,TA-1.1,TOILET PAPER HOLDER,BOBRICK,,,,TA,0,#80FF00
JGKGBJSMQLEJFTLR,,A5/IA2.74.1,TA-1.1,TOILET PAPER HOLDER,BOBRICK,,,,TA,0,#80FF00
IVPAPCCQAFJNVINB,,A4/IA2.75.1,TA-1.1,TOILET PAPER HOLDER,BOBRICK,,,,TA,0,#80FF00
TAUUDGSNNXFVCLOJ,,A4/IA2.75.1,TA-1.1,TOILET PAPER HOLDER,BOBRICK,,,,TA,0,#80FF00
UYSCNHLOHWXXJPKC,,A4/IA2.75.1,TA-1.1,TOILET PAPER HOLDER,BOBRICK,,,,TA,0,#80FF00
CGOZOHBTHXDQGPCT,,A4/IA2.75.1,TA-1.1,TOILET PAPER HOLDER,BOBRICK,,,,TA,0,#80FF00
NVOGPVTCVKWYNIWI,,A5/IA2.81.1,TA-1.1,TOILET PAPER HOLDER,BOBRICK,,,,TA,0,#80FF00
JPLXRKFMIKZMPXCE,,A5/IA2.81.1,TA-1.1,TOILET PAPER HOLDER,BOBRICK,,,,TA,0,#80FF00
NIVVIHWXSOQTHULN,,A5/IA2.81.1,TA-1.1,TOILET PAPER HOLDER,BOBRICK,,,,TA,0,#80FF00
IWUAYGZUOMXKTQJI,,A5/IA2.81.1,TA-1.1,TOILET PAPER HOLDER,BOBRICK,,,,TA,0,#80FF00
CPGLKVKUGONQYJWM,,A5/IA2.81.1,TA-1.1,TOILET PAPER HOLDER,BOBRICK,,,,TA,0,#80FF00
ZFCILFTIMZZROILZ,,A5/IA2.81.1,TA-1.1,TOILET PAPER HOLDER,BOBRICK,,,,TA,0,#80FF00
RJHDYSXDEVMUUEGB,,A5/IA2.81.1,TA-1.1,TOILET PAPER HOLDER,BOBRICK,,,,TA,0,#80FF00
DGHZWLKPLJUMQMTE,,A5/IA2.81.1,TA-1.1,TOILET PAPER HOLDER,BOBRICK,,,,TA,0,#80FF00
HFGFOZUSPIGIILJV,,A5/IA2.81.1,TA-1.1,TOILET PAPER HOLDER,BOBRICK,,,,TA,0,#80FF00
NOHUZPHXWWAMIRDZ,,A5/IA2.74.1,TA-2.1,GRAB BAR 36 in,BOBRICK,6806.99X36,,,TA,0,#000036
ULUHFRIOTAVKFCOL,,A4/IA2.75.1,TA-2.1,GRAB BAR 36 in,BOBRICK,6806.99X36,,,TA,0,#000036
PDETLQCMZSVZNNIY,,A5/IA2.81.1,TA-2.1,GRAB BAR 36 in,BOBRICK,6806.99X36,,,TA,0,#000036
SZIZYUWTOEVOQXBX,,A5/IA2.81.1,TA-2.1,GRAB BAR 36 in,BOBRICK,6806.99X36,,,TA,0,#000036
SAOLOCSRBVQMORYW,,A5/IA2.74.1,TA-2.2,GRAB BAR 42 in,BOBRICK,6806.99X42,,,TA,0,#000000
NIQGPQHZPLZCBHBM,,A4/IA2.75.1,TA-2.2,GRAB BAR 42 in,BOBRICK,6806.99X42,,,TA,0,#000000
MXKMKFHOFVOKEIWH,,A5/IA2.81.1,TA-2.2,GRAB BAR 42 in,BOBRICK,6806.99X42,,,TA,0,#000000
RFUFTTSRBCKSLYTA,,A5/IA2.81.1,TA-2.2,GRAB BAR 42 in,BOBRICK,6806.99X42,,,TA,0,#000000
QKCRFLWHVQOBXWAK,,A5/IA2.81.1,TA-2.2,GRAB BAR 42 in,BOBRICK,6806.99X42,,,TA,0,#000000
IKSLWEMATRGVKDWT,,A5/IA2.81.1,TA-2.2,GRAB BAR 42 in,BOBRICK,6806.99X42,,,TA,0,#000000
AMTBYOEFFUMKJLKE,,A5/IA2.81.1,TA-2.2,GRAB BAR 42 in,BOBRICK,6806.99X42,,,TA,0,#000000
NJHGOSGYVYGJUETG,,A5/IA2.81.1,TA-2.2,GRAB BAR 42 in,BOBRICK,6806.99X42,,,TA,0,#000000
ZCSGFQWHPFWDTRKL,,A5/IA2.81.1,TA-3.1,SANITARY NAPKIN DISPOSAL,BOBRICK,270,,,TA,0,#8000FF
ABDOUQEULDBZYFUF,,A5/IA2.81.1,TA-3.1,SANITARY NAPKIN DISPOSAL,BOBRICK,270,,,TA,0,#8000FF
HQCFTPFQUTKULXCI,,A5/IA2.81.1,TA-3.1,SANITARY NAPKIN DISPOSAL,BOBRICK,270,,,TA,0,#8000FF
DYPRNUHGEMXLAEUX,,A5/IA2.81.1,TA-3.1,SANITARY NAPKIN DISPOSAL,BOBRICK,270,,,TA,0,#8000FF
JPIYSWNFXPSPQHNJ,,A4/IA2.75.1,TA-3.2,SANITARY NAPKIN VENDOR,BOBRICK,3706C,,,TA,0,#FF00FF
ZSSLEXNVNRVYQKWW,,A5/IA2.81.1,TA-3.2,SANITARY NAPKIN VENDOR,BOBRICK,3706C,,,TA,0,#FF00FF
MQXLNROLNJEMHBHK,,A5/IA2.74.1,TA-4.1,TOILET SEAT COVER DISPENSER,BOBRICK,221,,,TA,0,#000000
SFTCFGCQCQKEYEQH,,A5/IA2.74.1,TA-4.1,TOILET SEAT COVER DISPENSER,BOBRICK,221,,,TA,0,#000000
OLKUYRYGBKBOTZDZ,,A5/IA2.74.1,TA-4.1,TOILET SEAT COVER DISPENSER,BOBRICK,221,,,TA,0,#000000
PEESFZCXSDOXJQAX,,A4/IA2.75.1,TA-4.1,TOILET SEAT COVER DISPENSER,BOBRICK,221,,,TA,0,#000000
IMCAPCLCKITRGEFR,,A4/IA2.75.1,TA-4.1,TOILET SEAT COVER DISPENSER,BOBRICK,221,,,TA,0,#000000
ZZDYEYXGUBUSMPMI,,A4/IA2.75.1,TA-4.1,TOILET SEAT COVER DISPENSER,BOBRICK,221,,,TA,0,#000000
VYDFHJCSLGLNCLXQ,,A4/IA2.75.1,TA-4.1,TOILET SEAT COVER DISPENSER,BOBRICK,221,,,TA,0,#000000
KJMQZLCXFNSDLJDU,,A5/IA2.81.1,TA-4.1,TOILET SEAT COVER DISPENSER,BOBRICK,221,,,TA,0,#000000
TMVSSVLZKLDOVTHR,,A5/IA2.81.1,TA-4.1,TOILET SEAT COVER DISPENSER,BOBRICK,221,,,TA,0,#000000
NZJGTPRFWVNEIVRP,,A5/IA2.81.1,TA-4.1,TOILET SEAT COVER DISPENSER,BOBRICK,221,,,TA,0,#000000
YUVBVICVDTPENJAT,,A5/IA2.81.1,TA-4.1,TOILET SEAT COVER DISPENSER,BOBRICK,221,,,TA,0,#000000
QRCYGJFYJDLSODAQ,,A5/IA2.81.1,TA-4.1,TOILET SEAT COVER DISPENSER,BOBRICK,221,,,TA,0,#000000
KYTUIMYUZNUJDAVO,,A5/IA2.81.1,TA-4.1,TOILET SEAT COVER DISPENSER,BOBRICK,221,,,TA,0,#000000
TRGQTFYAEGZLNBQW,,A5/IA2.81.1,TA-4.1,TOILET SEAT COVER DISPENSER,BOBRICK,221,,,TA,0,#000000
PPVRZPCNFQWQKMNW,,A5/IA2.81.1,TA-4.1,TOILET SEAT COVER DISPENSER,BOBRICK,221,,,TA,0,#000000
RQOUFZNQDBKTONQS,,A5/IA2.81.1,TA-4.1,TOILET SEAT COVER DISPENSER,BOBRICK,221,,,TA,0,#000000
NKJAQDXNQTHHSIBR,,A5/IA2.74.1,TA-5.1,ROBE HOOK,BRADLEY,9114,,,TA,0,#FF80FF
MQMKRXWXUMIDDWAO,,A5/IA2.74.1,TA-5.1,ROBE HOOK,BRADLEY,9114,,,TA,0,#FF80FF
CCBVCDHLHFSETFTU,,A5/IA2.74.1,TA-5.1,ROBE HOOK,BRADLEY,9114,,,TA,0,#FF80FF
RNCYXALFFNRUGHAB,,A4/IA2.75.1,TA-5.1,ROBE HOOK,BRADLEY,9114,,,TA,0,#FF80FF
SUVQPZQFYJBVLVHB,,A4/IA2.75.1,TA-5.1,ROBE HOOK,BRADLEY,9114,,,TA,0,#FF80FF
XUMSENBQWAZIZEDH,,A4/IA2.75.1,TA-5.1,ROBE HOOK,BRADLEY,9114,,,TA,0,#FF80FF
DKGQFBKQXYPPBHVY,,A5/IA2.81.1,TA-5.1,ROBE HOOK,BRADLEY,9114,,,TA,0,#FF80FF
ORNAMJFXDJFERERI,,A5/IA2.81.1,TA-5.1,ROBE HOOK,BRADLEY,9114,,,TA,0,#FF80FF
EXRFMYTCDAGXHBDE,,A5/IA2.81.1,TA-5.1,ROBE HOOK,BRADLEY,9114,,,TA,0,#FF80FF
XHBRBYKUXOBQEARD,,A5/IA2.81.1,TA-5.1,ROBE HOOK,BRADLEY,9114,,,TA,0,#FF80FF
VLGJRJMPYGXWVCSX,,A5/IA2.81.1,TA-5.1,ROBE HOOK,BRADLEY,9114,,,TA,0,#FF80FF
DSFDHSVKZGAWRJIS,,A5/IA2.81.1,TA-5.1,ROBE HOOK,BRADLEY,9114,,,TA,0,#FF80FF
ZNKEMEIKXMMRSIKZ,,A5/IA2.81.1,TA-5.1,ROBE HOOK,BRADLEY,9114,,,TA,0,#FF80FF
BAPIMLTFREZPDNLU,,A5/IA2.81.1,TA-5.1,ROBE HOOK,BRADLEY,9114,,,TA,0,#FF80FF
BJPTPJEDUAEFUYEP,,A5/IA2.81.1,TA-5.1,ROBE HOOK,BRADLEY,9114,,,TA,0,#FF80FF
QBWUHMWLNRGTSSBQ,,A5/IA2.74.1,TA-6.1,PAPER TOWEL DISPENSE - WASTE RECEPTABLE COMBO,KIMBERLY-CLARK,35370,,,TA,0,#FF80C0
YQYAYIWOVHJGNIZC,,A5/IA2.74.1,TA-6.1,PAPER TOWEL DISPENSE - WASTE RECEPTABLE COMBO,KIMBERLY-CLARK,35370,,,TA,0,#FF80C0
BDONFGMVGZWWXGHG,,A5/IA2.74.1,TA-6.1,PAPER TOWEL DISPENSE - WASTE RECEPTABLE COMBO,KIMBERLY-CLARK,35370,,,TA,0,#FF80C0
TFLSXMIMLWVSQSUW,,A5/IA2.74.1,TA-6.1,PAPER TOWEL DISPENSE - WASTE RECEPTABLE COMBO,KIMBERLY-CLARK,35370,,,TA,0,#FF80C0
XNBNTZZFWKVBUDVC,,A4/IA2.75.1,TA-6.1,PAPER TOWEL DISPENSE - WASTE RECEPTABLE COMBO,KIMBERLY-CLARK,35370,,,TA,0,#FF80C0
EAKJAAREQVYHBRGN,,A4/IA2.75.1,TA-6.1,PAPER TOWEL DISPENSE - WASTE RECEPTABLE COMBO,KIMBERLY-CLARK,35370,,,TA,0,#FF80C0
OQISNTOOFTTLOYBK,,A4/IA2.75.1,TA-6.1,PAPER TOWEL DISPENSE - WASTE RECEPTABLE COMBO,KIMBERLY-CLARK,35370,,,TA,0,#FF80C0
WYIPXLGOCUGZFEEN,,A4/IA2.75.1,TA-6.1,PAPER TOWEL DISPENSE - WASTE RECEPTABLE COMBO,KIMBERLY-CLARK,35370,,,TA,0,#FF80C0
KVGNWERJLKPFIJPV,,A5/IA2.81.1,TA-6.1,PAPER TOWEL DISPENSE - WASTE RECEPTABLE COMBO,KIMBERLY-CLARK,35370,,,TA,0,#FF80C0
VNHFTMIAFXWKBSMP,,A5/IA2.81.1,TA-6.1,PAPER TOWEL DISPENSE - WASTE RECEPTABLE COMBO,KIMBERLY-CLARK,35370,,,TA,0,#FF80C0
ZZASCKIWZEVGDSVV,,A5/IA2.81.1,TA-6.1,PAPER TOWEL DISPENSE - WASTE RECEPTABLE COMBO,KIMBERLY-CLARK,35370,,,TA,0,#FF80C0
TAMPNMOCWUIQNWAA,,A5/IA2.81.1,TA-6.1,PAPER TOWEL DISPENSE - WASTE RECEPTABLE COMBO,KIMBERLY-CLARK,35370,,,TA,0,#FF80C0
AJHDCLVPLCGXRLEF,,A5/IA2.81.1,TA-7.1,MIRROR - 30 in x 40 in,RESTORATION HARDWARE,40200454 PABR,,Metal Floating Mirror | Antique brass,TA,0,#8000FF
JCJJJQRBKZKZSVLF,,A5/IA2.81.1,TA-7.2,MIRROR - 41 in x 77 in,RESTORATION HARDWARE,40200394PPN,,Metal Floating Mirror,TA,0,#8000FF
XKWMFVYPRVILOARQ,,A5/IA2.81.1,TA-7.2,MIRROR - 41 in x 77 in,RESTORATION HARDWARE,40200394PPN,,Metal Floating Mirror,TA,0,#8000FF
QLBXLUQKHVSCGDDQ,,A5/IA2.81.1,TA-8.2,SOAP DISPENSER,KIMBERLY-CLARK,47604,,,TA,0,#000000
UNLGEMNTOPAXSCLN,,A5/IA2.81.1,TA-8.2,SOAP DISPENSER,KIMBERLY-CLARK,47604,,,TA,0,#000000
LSGIGREJPHVBRUTB,,A5/IA2.81.1,TA-8.2,SOAP DISPENSER,KIMBERLY-CLARK,47604,,,TA,0,#000000
AUKQOFUCVITCKBTJ,,A5/IA2.81.1,TA-8.2,SOAP DISPENSER,KIMBERLY-CLARK,47604,,,TA,0,#000000
JQKIQSCQRQGFQIWH,,A5/IA2.81.1,TA-8.2,SOAP DISPENSER,KIMBERLY-CLARK,47604,,,TA,0,#000000
GLKLDKKCYYNUTGWO,,A5/IA2.81.1,TA-8.2,SOAP DISPENSER,KIMBERLY-CLARK,47604,,,TA,0,#000000
HANIPOBOXHJCUMTX,,A5/IA2.81.1,TA-8.2,SOAP DISPENSER,KIMBERLY-CLARK,47604,,,TA,0,#000000
IANPVGZBFJXIIEEB,,A5/IA2.81.1,TA-8.2,SOAP DISPENSER,KIMBERLY-CLARK,47604,,,TA,0,#000000
AIONWNBFLKJQXSKH,,,VDU-1,GLASS MARKERBOARD,CLARUS,,4 ft x 8 ft,MAGNETIC GLASSBOARD,,0,#8000FF
IBLLLQOMPZAZSISZ,,,VDU-1,GLASS MARKERBOARD,CLARUS,,4 ft x 8 ft,MAGNETIC GLASSBOARD,,0,#8000FF
RLORNGCRAGSVAKVP,,,VDU-1,GLASS MARKERBOARD,CLARUS,,4 ft x 8 ft,MAGNETIC GLASSBOARD,,0,#8000FF
EOJFXOSRHOQOBQFZ,,,VDU-1,GLASS MARKERBOARD,CLARUS,,4 ft x 8 ft,MAGNETIC GLASSBOARD,,0,#8000FF
